repo_full_name,pr_id,number,title,body,user_login,user_id,state,draft,created_at,updated_at,closed_at,merged_at,merge_commit_sha,mergeable_state,additions,deletions,changed_files,commits_count,review_comments_count,comments_count,requested_reviewers,requested_teams,labels
microsoft/ML-For-Beginners,670352683,32,editorial suggestions,"editorial suggestions, adapt it to LEARN a little bit by

- create a bullet list for learning objectives
- smaller re arrangement of text
- bullet list to high list ML applications",softchris,4598064,closed,False,2021-06-15T12:18:00+00:00,2021-06-16T20:37:53+00:00,2021-06-16T20:37:53+00:00,2021-06-16T20:37:53+00:00,bc76c16e506ea3659e20321483880843b2462605,unknown,45,10,1,2,2,1,,,
microsoft/ML-For-Beginners,670363612,33,editorial changes,- smaller editoral changes,softchris,4598064,closed,False,2021-06-15T12:33:24+00:00,2021-06-16T20:36:25+00:00,2021-06-16T20:35:43+00:00,2021-06-16T20:35:42+00:00,b42eb03181ff0630a1db44496551590854e0b9c4,unknown,15,10,1,2,2,2,,,
microsoft/ML-For-Beginners,670405006,34,editorial,the idea is to fill in the bullet lists a little more. I imagine the reader is helped by having a term explained upfront and then a meatier example below,softchris,4598064,closed,False,2021-06-15T13:25:28+00:00,2021-06-16T20:32:30+00:00,2021-06-16T20:32:29+00:00,2021-06-16T20:32:29+00:00,0ee9c494da38512acb7c87c9e19620f2f407bb0c,unknown,59,47,1,2,8,1,,,
microsoft/ML-For-Beginners,671926095,35,changed structure,"- adjusted to look like concept units and exercises, some changes on what comes where
- imo, instruction and code should come very close, so changes on that",softchris,4598064,closed,False,2021-06-16T21:36:11+00:00,2021-06-17T13:03:11+00:00,2021-06-17T13:03:11+00:00,2021-06-17T13:03:11+00:00,2b522d23703ae878a719ff97455a2bc2ac0dcdf3,unknown,192,86,2,4,0,4,,,
microsoft/ML-For-Beginners,672615430,36,editorial changes,"Editorial changes

- changed a lot of h3 to h2
- structured exercise, like on LEARN

please make sure it reads correctly",softchris,4598064,closed,False,2021-06-17T13:06:38+00:00,2021-06-17T15:35:40+00:00,2021-06-17T15:35:40+00:00,2021-06-17T15:35:40+00:00,8da8d4d2dc23aacf1454b4a8bd4f7506cb23755e,unknown,122,75,1,2,0,1,,,
microsoft/ML-For-Beginners,673022116,37,editorial,"editorial fixes

- numbered steps
- adding h3s to make for an easier read
- add lead in sentences where needed

going to LEARN this feels like it needs a lot more explanation. I feel like I can follow the steps and get the same results, but I don't feel sure why I'm taking certain steps which leads to a feeling of doing a bunch of steps, but I'm not sure I can repeat them on another problem... 

but the charts that are there are good, helps a lot to verify that this seems to check out... 

",softchris,4598064,closed,False,2021-06-17T22:02:19+00:00,2021-06-19T17:55:04+00:00,2021-06-19T17:55:04+00:00,2021-06-19T17:55:04+00:00,81d70b1473bd33a05bd9e4b6e7353dc621efc990,unknown,261,159,1,2,1,1,,,
microsoft/ML-For-Beginners,675737089,38,web app editorial,"- editorial
- renamed to exercises
- code formatting",softchris,4598064,closed,False,2021-06-22T20:27:06+00:00,2021-06-22T21:31:01+00:00,2021-06-22T21:31:01+00:00,2021-06-22T21:31:01+00:00,563c95280f1eca8090da707d2e8fa3baeefb728e,unknown,260,201,1,1,0,0,,,
microsoft/ML-For-Beginners,675738509,39,editorial,"- editorial
- code formatting
- exercises",softchris,4598064,closed,False,2021-06-22T20:29:38+00:00,2021-06-22T21:28:30+00:00,2021-06-22T21:28:30+00:00,2021-06-22T21:28:30+00:00,1a68cb0c01283462c962dc052482c4e78b493309,unknown,132,100,1,1,0,0,,,
microsoft/ML-For-Beginners,675779713,41,editorial,- format like exercises in LEARN,softchris,4598064,closed,False,2021-06-22T21:42:41+00:00,2021-06-23T00:56:10+00:00,2021-06-23T00:56:10+00:00,2021-06-23T00:56:10+00:00,14238f9687d5bb6d78cebd200cdf7a6fc08278fe,unknown,226,172,1,3,0,0,,,
microsoft/ML-For-Beginners,676220620,42,editorial,"- trying to separate concept and exercise
- exercise formatting

please check veracity of my changes, it feels strange that we say multiclass is no good and then that's what we are using the exercise?",softchris,4598064,closed,False,2021-06-23T12:01:22+00:00,2021-06-23T18:23:37+00:00,2021-06-23T18:23:37+00:00,2021-06-23T18:23:37+00:00,9332e39819ba54cc909496daf7f9f938df09a269,unknown,157,126,1,1,2,0,,,
microsoft/ML-For-Beginners,676237524,43,editorial,"editorial

- ensure concept comes first and then exercise",softchris,4598064,closed,False,2021-06-23T12:24:35+00:00,2021-06-23T14:07:47+00:00,2021-06-23T14:07:47+00:00,2021-06-23T14:07:47+00:00,7426e7d5fecf562381302f710dd94c4ec4bc7b7b,unknown,126,91,1,1,0,0,,,
microsoft/ML-For-Beginners,676464503,44,editorial,"- learn exercise formatting
- minor editorial text changes",softchris,4598064,closed,False,2021-06-23T16:59:13+00:00,2021-06-23T17:12:09+00:00,2021-06-23T17:12:09+00:00,2021-06-23T17:12:09+00:00,e9007850c7ba1c257574602f3dfa8eb853bc490c,unknown,234,196,1,1,0,0,,,
microsoft/ML-For-Beginners,677068211,45,editorial,"editorial

- learn exercise formatting
- added a blurb to the intro README
",softchris,4598064,closed,False,2021-06-24T12:27:36+00:00,2021-06-24T12:34:33+00:00,2021-06-24T12:34:33+00:00,2021-06-24T12:34:33+00:00,f079a4c1d3886676980b816f022b97c56b98ee5f,unknown,195,187,2,1,0,0,,,
microsoft/ML-For-Beginners,677114331,46,editorial,"editorial

- learn exercise formatting",softchris,4598064,closed,False,2021-06-24T13:29:35+00:00,2021-06-24T13:32:02+00:00,2021-06-24T13:32:02+00:00,2021-06-24T13:32:02+00:00,20895869b5e26f4fc812573397aa1fa7f72711f6,unknown,164,138,1,1,0,0,,,
microsoft/ML-For-Beginners,677341569,47,NLP intro editorial,"editorial

- formatting a few headers
- exercise formatting",softchris,4598064,closed,False,2021-06-24T18:26:08+00:00,2021-06-24T19:20:39+00:00,2021-06-24T19:20:39+00:00,2021-06-24T19:20:39+00:00,15f3b33136a8a1bfc23e5b6db89d27d8b9c33215,unknown,93,61,2,1,0,0,,,
microsoft/ML-For-Beginners,677352811,48,editorial,"editorial

- made the headers more like learn

wonder if the last challenge should be a more step by step thing?",softchris,4598064,closed,False,2021-06-24T18:46:19+00:00,2021-06-24T21:15:22+00:00,2021-06-24T21:15:22+00:00,2021-06-24T21:15:22+00:00,cd87e8a5de02d171ab4f815a4537dc324cdee4c4,unknown,50,41,1,2,6,0,,,
microsoft/ML-For-Beginners,677483234,49,editorial,"editorial

- some suggestion on editorial changes, to make for easier read",softchris,4598064,closed,False,2021-06-24T22:41:00+00:00,2021-06-25T00:33:40+00:00,2021-06-25T00:33:40+00:00,2021-06-25T00:33:40+00:00,4950c6895bbda254986a0a592d139cebba5fb9f2,unknown,61,26,1,1,0,0,,,
microsoft/ML-For-Beginners,677836955,50,editorial,"editorial

there's a `timeseries inline` thing going on in one of the exercises, please check if it should be there.",softchris,4598064,closed,False,2021-06-25T11:18:25+00:00,2021-06-25T20:07:57+00:00,2021-06-25T20:07:57+00:00,2021-06-25T20:07:57+00:00,0d685849e13046f47a7a93de5694b05ed9d0bb21,unknown,72,55,2,3,9,1,,,
microsoft/ML-For-Beginners,677854011,51,editorial,some suggestions on formatting for an easier read,softchris,4598064,closed,False,2021-06-25T11:49:57+00:00,2021-06-25T19:58:28+00:00,2021-06-25T19:58:28+00:00,2021-06-25T19:58:28+00:00,f08e5fb6897ac0edcca8767265b7f56d66e1608b,unknown,273,257,1,2,1,0,,,
microsoft/ML-For-Beginners,677864276,52,editorial,"editorial

added some intro paragraphs",softchris,4598064,closed,False,2021-06-25T12:08:07+00:00,2021-06-25T19:54:08+00:00,2021-06-25T19:54:08+00:00,2021-06-25T19:54:08+00:00,f9e6f3806d5345557a4b165e6438dc05d4c1a7af,unknown,16,7,1,1,0,1,,,
microsoft/ML-For-Beginners,677901213,53,Reinforcement qlearning,"editorial

I got the feeling the code already exist for this, it's just a matter of running existing code?",softchris,4598064,closed,False,2021-06-25T13:08:23+00:00,2021-06-25T19:54:07+00:00,2021-06-25T19:54:07+00:00,2021-06-25T19:54:07+00:00,34fd6097c0eceb3775d44170921a14cbd2e37c03,unknown,133,103,2,3,1,0,,,
microsoft/ML-For-Beginners,677925007,54,editorial,editorial,softchris,4598064,closed,False,2021-06-25T13:42:38+00:00,2021-06-25T19:50:42+00:00,2021-06-25T19:50:42+00:00,2021-06-25T19:50:42+00:00,4a0e09be75eaae924e75ea6fe587c535a718aeed,unknown,177,158,1,2,7,0,,,
microsoft/ML-For-Beginners,677937423,55,editorial,editorial,softchris,4598064,closed,False,2021-06-25T14:00:03+00:00,2021-06-25T19:42:57+00:00,2021-06-25T19:42:57+00:00,2021-06-25T19:42:57+00:00,0dc6c64175c6909029760f428b0024793818c96b,unknown,17,0,1,2,6,0,,,
microsoft/ML-For-Beginners,682271452,73,Fix discussion board link,"Very cool course, thanks for sharing it! I noticed that if you click on the Discussion Board link from the README in GitHub, you get a 404. 

<img width=""905"" alt=""Screen Shot 2021-07-01 at 6 01 11 PM"" src=""https://user-images.githubusercontent.com/97182/124205704-a69a1f00-da96-11eb-9cef-e472883203b5.png"">

This PR changes the link to an absolute link, instead of a relative URL, which should fix the problem.",abrookins,97182,closed,False,2021-07-02T01:40:29+00:00,2021-07-02T02:03:32+00:00,2021-07-02T02:03:32+00:00,2021-07-02T02:03:32+00:00,997451675bdca2521876ec23d76791c66703b359,unknown,1,1,1,1,0,0,,,
microsoft/ML-For-Beginners,682274110,74,Fix Discussions link,Current version is rewritten to https://github.com/microsoft/ML-For-Beginners/blob/main/discussions,digitarald,8599,closed,False,2021-07-02T01:50:54+00:00,2021-07-02T02:03:14+00:00,2021-07-02T02:03:14+00:00,2021-07-02T02:03:14+00:00,3c296bc8741f5097538b3e61962aa397574ed026,unknown,1,1,1,1,0,0,,,
microsoft/ML-For-Beginners,682734380,76,translate 1.1-intro-to-ML to Simplified Chinese,,feiyun0112,10190938,closed,False,2021-07-02T16:00:11+00:00,2021-07-03T03:03:54+00:00,2021-07-03T03:02:40+00:00,2021-07-03T03:02:40+00:00,454a68102b552eceee287daba1cbfba657efa4e8,unknown,107,0,1,2,0,1,,,
microsoft/ML-For-Beginners,682947205,77,1-Introduction/README.es.md,,ghost,10137,closed,False,2021-07-03T02:04:03+00:00,2021-07-03T03:03:28+00:00,2021-07-03T03:03:28+00:00,2021-07-03T03:03:28+00:00,35805a53b747b4a4f24cf81511d8b18d2cdfec9b,unknown,23,0,1,1,0,1,,,
microsoft/ML-For-Beginners,682952948,78,translate 1.2-history-of-ML to Simplified Chinese,done,feiyun0112,10190938,closed,False,2021-07-03T02:51:10+00:00,2021-07-08T12:51:05+00:00,2021-07-07T12:02:56+00:00,2021-07-07T12:02:56+00:00,3f734e059a4b485fbb43b61d1bfbdb2aad78d2d2,unknown,116,0,1,2,0,1,,,
microsoft/ML-For-Beginners,682953211,79,translate 1.3-fairness to Simplified Chinese,done,feiyun0112,10190938,closed,False,2021-07-03T02:53:33+00:00,2021-07-08T12:50:57+00:00,2021-07-07T12:03:36+00:00,2021-07-07T12:03:36+00:00,ec4cffcd5c500403a289fb16e58467976c07ab85,unknown,214,0,1,2,0,1,,,
microsoft/ML-For-Beginners,682953525,80,translate 1.4-techniques-of-ML to Simplified Chinese,,feiyun0112,10190938,closed,False,2021-07-03T02:55:48+00:00,2021-07-08T12:50:45+00:00,2021-07-07T12:04:30+00:00,2021-07-07T12:04:29+00:00,a7bc12e001f4229f07f3912d90998c91bd7da933,unknown,107,0,1,2,0,1,,,
microsoft/ML-For-Beginners,682974891,81,"Translated 1.1 readme.md, 1-introduction readme.md to Japanese",,Peeeaje,74146834,closed,False,2021-07-03T06:09:57+00:00,2021-07-03T15:53:48+00:00,2021-07-03T15:53:48+00:00,2021-07-03T15:53:48+00:00,20395194e3742ad5d9c1d96cfe335cadcba66ed5,unknown,127,0,2,5,0,2,,,
microsoft/ML-For-Beginners,682994868,82,translated 1.2 history of ML README.md to Japanese,,Peeeaje,74146834,closed,False,2021-07-03T09:09:10+00:00,2021-07-03T17:40:12+00:00,2021-07-03T15:52:59+00:00,2021-07-03T15:52:59+00:00,9f34d506af4678edfe73059b640346f717cd36c5,unknown,114,0,1,2,0,1,,,
microsoft/ML-For-Beginners,683006492,83,Translate README.md to Korean," Introduction
 - [x] 1
 - [x] 1-1
 - [x] 1-2
 - [x] 1-3
 - [x] 1-4

Regression
 - [x] 2
 - [x] 2-1
 - [x] 2-2
 - [x] 2-3
 - [x] 2-4

Web App
 - [x] 3
 - [x] 3-1

Classification
 - [x] 4
 - [x] 4-1
 - [x] 4-2
 - [x] 4-3
 - [x] 4-4

Clustering
 - [x] 5
 - [x] 5-1
 - [x] 5-2

NLP
 - [x] 6
 - [x] 6-1
 - [x] 6-2
 - [x] 6-3
 - [x] 6-4
 - [x] 6-5

TimeSeries
 - [x] 7
 - [x] 7-1
 - [x] 7-2

Reinforcement
 - [x] 8
 - [x] 8-1
 - [x] 8-2

Real World
 - [x] 9
 - [x] 9-1


 - [x] fix changes for korean translation",minwook-shin,12551635,closed,False,2021-07-03T10:50:14+00:00,2021-08-16T07:23:07+00:00,2021-08-15T13:18:52+00:00,2021-08-15T13:18:52+00:00,6baa0cfd540308c10b912e9419743643973596d0,unknown,6796,0,35,38,0,7,,,
microsoft/ML-For-Beginners,683170147,87,Translated README files to all the topics to Russian,,ghost,10137,closed,False,2021-07-04T12:56:18+00:00,2021-07-04T13:01:13+00:00,2021-07-04T13:01:13+00:00,2021-07-04T13:01:13+00:00,d670336d662132f8485a1a07e5725fad158af946,unknown,240,0,9,2,0,1,,,
microsoft/ML-For-Beginners,683184599,89,Moved all the translations to their proper folders,,ghost,10137,closed,False,2021-07-04T14:34:40+00:00,2021-07-04T15:43:51+00:00,2021-07-04T15:43:51+00:00,2021-07-04T15:43:51+00:00,f405e2cffcb04359e4cfe566365419abba55ef17,unknown,0,0,2,1,0,1,,,
microsoft/ML-For-Beginners,683219113,91,translate 1.3 fairness readme.md to Japanese,I also fixed a typo and an expression of other files.,Peeeaje,74146834,closed,False,2021-07-04T18:44:01+00:00,2021-07-05T01:29:22+00:00,2021-07-05T01:29:22+00:00,2021-07-05T01:29:22+00:00,ffa753790ae97da0f9b0a337d09613d3eb65d613,unknown,206,2,3,3,0,0,,,
microsoft/ML-For-Beginners,683226256,92,Fix typo,I fixed a misspelled word.,VitorMouro,49460655,closed,False,2021-07-04T19:38:17+00:00,2021-07-04T21:09:52+00:00,2021-07-04T21:09:52+00:00,2021-07-04T21:09:52+00:00,7b8d7685b032a99e0c2b63abeaab11c2e9c50041,unknown,1,1,1,1,0,1,,,
microsoft/ML-For-Beginners,683377200,94,fix broken link and change wording,"It seems like the Web App lesson used to be part of the Introduction lesson group, but has changed to a separate part since then.     I fixed the broken link to the Web App lesson and changed one word so that the meaning matches the new course structure.",firstimedeveloper,8170405,closed,False,2021-07-05T05:40:11+00:00,2021-07-05T13:17:14+00:00,2021-07-05T13:17:14+00:00,2021-07-05T13:17:14+00:00,c920b48a8d8b7d08a5bfb89ae8d84db1aee2d862,unknown,2,2,1,2,0,0,,,
microsoft/ML-For-Beginners,683518740,96,Fix typo in 2-Regression/1-Tools ,,Hasaber8,43720061,closed,False,2021-07-05T09:15:55+00:00,2021-07-05T16:09:59+00:00,2021-07-05T16:08:53+00:00,2021-07-05T16:08:53+00:00,e5597a9d0b66c29651ce660ebcd060951a94e807,unknown,1,1,2,3,2,2,,,
microsoft/ML-For-Beginners,683628067,97,Add Indonesian translation for 1-introduction,"- [x] 1-Introduction
- [x] 1-1 Intro to ML
- [x] 1-2 History of ML
- [x] 1-3 Fairness
- [x] 1-4 Techniques",hizzely,24291960,closed,False,2021-07-05T11:40:12+00:00,2021-07-26T03:26:23+00:00,2021-07-26T03:26:23+00:00,2021-07-26T03:26:23+00:00,3b7d1f45c65cb528f83941de19b5544f387fec02,unknown,606,0,9,14,2,8,,,
microsoft/ML-For-Beginners,683742205,98,Remove maxAge parameter from README badges,"As described in #95 GitHub caches a 30 day ago image of the README badges which are not rendered properly since the repo was private back then.

---

Closes #95 ",Rishit-dagli,39672672,closed,False,2021-07-05T14:16:47+00:00,2021-07-05T15:19:44+00:00,2021-07-05T14:41:20+00:00,2021-07-05T14:41:20+00:00,e611ffcf65dad094eb0cee46965bd6b067dbc1c2,unknown,3,3,1,3,0,1,,,
microsoft/ML-For-Beginners,684133352,99,fix typo,Removed the unnecessary 'M' before 'Matplotlib'.,firstimedeveloper,8170405,closed,False,2021-07-06T07:39:51+00:00,2021-07-06T12:37:26+00:00,2021-07-06T12:37:26+00:00,2021-07-06T12:37:26+00:00,f604e7762af5841d9a696b187225b03e7b587a06,unknown,1,1,1,1,0,0,,,
microsoft/ML-For-Beginners,684245632,102,Fix a Typo,Removed an a statement which was repeated twice under 2-Regression/3-Linear/README.md ,vishvanathan-k,66466541,closed,False,2021-07-06T10:19:23+00:00,2021-07-06T12:38:17+00:00,2021-07-06T12:38:17+00:00,2021-07-06T12:38:17+00:00,531c23306c4c08517fe78d24469b6cfb94b013ed,unknown,1,2,1,1,0,0,,,
microsoft/ML-For-Beginners,684337461,103,Add Indonesian translation for 2-Regresion,"- [x] Preface
- [x] 1-Tools
- [x] 2-Data
- [x] 3-Linear
- [x] 4-Logistic

Fill free to berate me on my Indonesian. I am a native but there's always debate when using technical language with a lot of English loanwords. üòÅ",iBlueDust,35223375,closed,False,2021-07-06T12:34:12+00:00,2021-07-09T14:14:28+00:00,2021-07-09T14:14:28+00:00,2021-07-09T14:14:28+00:00,80190f3835fffad9c8eb30384c8288697a84d9a5,unknown,1079,0,5,9,0,1,,,
microsoft/ML-For-Beginners,684873310,105,[WIP]translate 2.1 to Simplified Chinese,,feiyun0112,10190938,closed,False,2021-07-07T05:22:56+00:00,2021-07-09T13:48:48+00:00,2021-07-09T13:48:48+00:00,,dd07e0146c86ce7f641dc404b202dcc9140e6937,unknown,206,0,1,1,0,0,,,
microsoft/ML-For-Beginners,684874296,106,[WIP]translate 2.2 to Simplified Chinese,,feiyun0112,10190938,closed,False,2021-07-07T05:25:18+00:00,2021-07-09T13:48:14+00:00,2021-07-09T13:48:14+00:00,,11bcf8ca400a69bb4a497fc4dd6b541b8e31e4bc,unknown,200,0,1,1,0,0,,,
microsoft/ML-For-Beginners,684875053,107,[WIP]translate 2.3 to Simplified Chinese,,feiyun0112,10190938,closed,False,2021-07-07T05:27:14+00:00,2021-07-09T13:49:07+00:00,2021-07-09T13:49:07+00:00,,5ec59b43c909a6da228cb570c7441a57ccfee355,unknown,331,0,1,1,0,0,,,
microsoft/ML-For-Beginners,684875287,108,[WIP]translate 2.4 to Simplified Chinese,,feiyun0112,10190938,closed,False,2021-07-07T05:27:52+00:00,2021-07-09T13:49:37+00:00,2021-07-09T13:49:37+00:00,,a7896c68e115a5fd8129dcd2c8ed19431ab5e383,unknown,296,0,1,1,0,0,,,
microsoft/ML-For-Beginners,685035376,109,Fix csv file path in the code snippet,,tddschn,45612704,closed,False,2021-07-07T09:44:41+00:00,2021-07-07T12:24:25+00:00,2021-07-07T11:22:44+00:00,2021-07-07T11:22:44+00:00,ef9d869e15d716cb6ca1e103f68a3204beeae395,unknown,1,1,1,1,0,0,,,
microsoft/ML-For-Beginners,685066873,110,Fix typo in broken link,,labFareb,68812909,closed,False,2021-07-07T10:25:58+00:00,2021-07-07T11:23:27+00:00,2021-07-07T11:23:27+00:00,2021-07-07T11:23:27+00:00,61229875e0e704402c2a34ef1a58d94e11a2d779,unknown,1,1,1,1,0,0,,,
microsoft/ML-For-Beginners,685177667,111,Fix a typo and done some amendments to the code,"Usually while using jupyter notebooks\labs, it is advisable to use '!' before non python code (like pip). I thought we could also follow it here, it is just way to make code clearer and better. It doesn't disturb the functionality of the code. @jlooper is it okay ??? or can just close this PR. Sorry I made a mistake in last commit message :sweat_smile: ",vishvanathan-k,66466541,closed,False,2021-07-07T13:04:08+00:00,2021-07-07T13:30:03+00:00,2021-07-07T13:23:33+00:00,2021-07-07T13:23:33+00:00,afe3df92ebfbc95ede4f345cdf65bdd88c62fca4,unknown,3,3,3,3,0,2,,,
microsoft/ML-For-Beginners,685248176,112,Changed for .ipynb also ,I have changed all pip to !pip everywhere it is there.and also changed the source in file which followed a different approach then the other .ipynbs,vishvanathan-k,66466541,closed,False,2021-07-07T14:27:26+00:00,2021-07-07T14:40:50+00:00,2021-07-07T14:40:50+00:00,2021-07-07T14:40:50+00:00,d7199f2e67089ab80695d6c9892fa311f2771473,unknown,5,6,4,3,0,0,,,
microsoft/ML-For-Beginners,685393653,113,Add Japanese translation for 2-Regression,"- [x] 1-Tools/translations/README.jp.md
- [ ] 2-Data/translations/README.jp.md
- [ ] 3-Linear/translations/README.jp.md
- [ ] 4-Logistic/translations/README.jp.md",kenya-sk,30319295,closed,True,2021-07-07T17:50:58+00:00,2021-07-09T19:08:58+00:00,2021-07-09T17:03:51+00:00,2021-07-09T17:03:51+00:00,5f123752965a6be9a395b3f791d154969d532f78,unknown,32,0,1,4,2,1,,,
microsoft/ML-For-Beginners,686531347,117,Update README.zh-cn.md,,feiyun0112,10190938,closed,False,2021-07-09T06:34:58+00:00,2021-07-09T14:12:44+00:00,2021-07-09T14:12:44+00:00,2021-07-09T14:12:44+00:00,1c70282cd8342814d8c71a5a10e64912d0284787,unknown,1,1,1,1,0,0,,,
microsoft/ML-For-Beginners,686546696,118,Update README.zh-cn.md,,feiyun0112,10190938,closed,False,2021-07-09T07:05:22+00:00,2021-07-09T14:12:10+00:00,2021-07-09T14:12:10+00:00,2021-07-09T14:12:10+00:00,f7fb4a1f0d9b8ba5426f095d6e273b978a175ddd,unknown,6,6,1,1,0,0,,,
microsoft/ML-For-Beginners,686797415,122,typo in Readme,transformed_feature_df instead of transformed_df,amitbatra31,75168062,closed,False,2021-07-09T13:38:06+00:00,2021-07-09T14:42:55+00:00,2021-07-09T14:42:55+00:00,,25d6855649726f972b587fe456f707dfde21ce58,dirty,4,4,1,1,0,5,,,
microsoft/ML-For-Beginners,686814534,123,translate 2.1 to Simplified Chinese,,feiyun0112,10190938,closed,False,2021-07-09T14:03:22+00:00,2021-07-13T14:38:17+00:00,2021-07-13T11:34:41+00:00,2021-07-13T11:34:41+00:00,5f6bcb5549b0f0d30649725aff7e6de3f775aa51,unknown,205,0,1,3,0,1,,,
microsoft/ML-For-Beginners,686818215,124,translate 2.2 to Simplified Chinese,,feiyun0112,10190938,closed,False,2021-07-09T14:08:25+00:00,2021-07-13T14:38:05+00:00,2021-07-13T11:35:32+00:00,2021-07-13T11:35:32+00:00,aa8fba606206ef6b54492912ca9c2fca8232d700,unknown,202,0,1,2,0,1,,,
microsoft/ML-For-Beginners,686818446,125,translate 2.3 to Simplified Chinese,,feiyun0112,10190938,closed,False,2021-07-09T14:08:43+00:00,2021-07-13T04:00:57+00:00,2021-07-10T15:26:36+00:00,2021-07-10T15:26:36+00:00,b0fe91117699ad131f75477082d4eb18d98c6343,unknown,332,0,1,3,0,1,,,
microsoft/ML-For-Beginners,686818630,126,translate 2.4 to Simplified Chinese,,feiyun0112,10190938,closed,False,2021-07-09T14:08:59+00:00,2021-07-13T04:00:53+00:00,2021-07-10T03:59:37+00:00,2021-07-10T03:59:37+00:00,f9743f8bc4ebf8a0d1e2d511dc78fefe06f5c395,unknown,297,0,1,4,0,2,,,
microsoft/ML-For-Beginners,686862458,127,Added README in Portuguese,,alexgfaria,7568075,closed,False,2021-07-09T15:12:30+00:00,2021-07-09T17:11:39+00:00,2021-07-09T17:11:39+00:00,2021-07-09T17:11:39+00:00,3cf7d287e7b98ec8f2ace9af06cfebe77abd407a,unknown,121,0,1,1,0,1,,,
microsoft/ML-For-Beginners,686873083,128,Add Portuguese translation to quizz-app,"- [x] main readme  #127 
- [ ] quizz-app (working on this)
- [ ] rest of readme files",alexgfaria,7568075,closed,True,2021-07-09T15:28:33+00:00,2022-01-29T08:37:04+00:00,2022-01-29T08:37:04+00:00,,74f5f069edb66421ad22637fbb7f4334cfaf1489,unknown,2942,0,3,3,2,2,,,no-pr-activity
microsoft/ML-For-Beginners,686880314,129,Update README.zh-cn.md,,feiyun0112,10190938,closed,False,2021-07-09T15:39:59+00:00,2021-07-13T04:00:47+00:00,2021-07-09T17:06:14+00:00,2021-07-09T17:06:14+00:00,24f4a2a463580dbbf215e29518c104159dc0e8f2,unknown,10,10,1,1,0,0,,,
microsoft/ML-For-Beginners,686880889,130,Update README.zh-cn.md,,feiyun0112,10190938,closed,False,2021-07-09T15:40:53+00:00,2021-07-13T04:00:43+00:00,2021-07-09T17:05:33+00:00,2021-07-09T17:05:33+00:00,48785850755665d15c6c20f6ab6f39ec5816ba2f,unknown,3,3,1,1,0,0,,,
microsoft/ML-For-Beginners,686881313,131,Update README.zh-cn.md,,feiyun0112,10190938,closed,False,2021-07-09T15:41:32+00:00,2021-07-13T04:00:38+00:00,2021-07-09T17:05:06+00:00,2021-07-09T17:05:06+00:00,69266b65c6f237158665a2120c6c85be8d365713,unknown,12,12,1,1,0,0,,,
microsoft/ML-For-Beginners,686881896,132,Update README.zh-cn.md,,feiyun0112,10190938,closed,False,2021-07-09T15:42:27+00:00,2021-07-13T04:00:34+00:00,2021-07-09T17:04:38+00:00,2021-07-09T17:04:38+00:00,5c672e9b676da5a677f135a6f26982ccad4656d7,unknown,130,23,1,1,0,0,,,
microsoft/ML-For-Beginners,686893696,133,Italian Translation - Chapter 1 ,,robertopauletto,694420,closed,False,2021-07-09T16:02:08+00:00,2021-07-09T17:02:21+00:00,2021-07-09T17:02:21+00:00,2021-07-09T17:02:21+00:00,1fe1913e1774414f0d508f7ce422792d465e6f56,unknown,612,0,9,4,0,1,,,
microsoft/ML-For-Beginners,686917557,134,translate 2.1 to Japanese,"The progress of Japanese translation in Chapter 2 is managed below.

https://github.com/microsoft/ML-For-Beginners/pull/113",kenya-sk,30319295,closed,False,2021-07-09T16:44:07+00:00,2021-07-09T17:03:49+00:00,2021-07-09T17:03:49+00:00,2021-07-09T17:03:49+00:00,05622c84673511ae1f45a54c63d1e6a18a8a8fe9,unknown,218,0,1,7,0,0,,,
microsoft/ML-For-Beginners,687118128,135,Update README.zh-cn.md,,feiyun0112,10190938,closed,False,2021-07-10T03:25:57+00:00,2021-07-13T04:00:31+00:00,2021-07-10T03:58:47+00:00,2021-07-10T03:58:47+00:00,2c891b77b9a46d9c80755523d5ba538225be3487,unknown,1,1,1,1,0,0,,,
microsoft/ML-For-Beginners,687118751,136,Update README.zh-cn.md,,feiyun0112,10190938,closed,False,2021-07-10T03:28:19+00:00,2021-07-13T04:00:27+00:00,2021-07-10T03:58:20+00:00,2021-07-10T03:58:20+00:00,e26b7d4ddc34c5846296555ff231f9aa2b718092,unknown,0,106,1,1,0,0,,,
microsoft/ML-For-Beginners,687147542,141,Update README.zh-cn.md,,feiyun0112,10190938,closed,False,2021-07-10T08:13:17+00:00,2021-07-13T04:00:23+00:00,2021-07-10T17:10:47+00:00,2021-07-10T17:10:47+00:00,4e041e3d404875813abb8bef4f23baa022784ce6,unknown,2,2,1,2,0,0,,,
microsoft/ML-For-Beginners,687341820,151,[WIP] Translate assignments and quizzes to Korean,"## Assignments

### 1. Introduction

- [x] [1.1. Intro to ML](https://github.com/ianikpark/ML-For-Beginners/commit/873fe7d3ad67f738d7b03e141319c2cde7c54a9d)
- [x] [1.2. History of ML](https://github.com/ianikpark/ML-For-Beginners/commit/b522bd633fe1f3eff5b5e8f9a0da80c8f6e4ba1e)
- [x] [1.3. Fairness](https://github.com/ianikpark/ML-For-Beginners/commit/935ca4bb9d087ec97511337e4f79b93d7132aa79)
- [x] [1.4. Techniques of ML](https://github.com/ianikpark/ML-For-Beginners/commit/b440330b897630d3ea19ee0f251391d62863e99b)

### 2. Regression
- [x] [2.1. Tools](https://github.com/ianikpark/ML-For-Beginners/commit/6466d635a01207f47ce0fbfeeeefa2115d872a82)
- [x] [2.2. Data](https://github.com/ianikpark/ML-For-Beginners/commit/5bf3014726e59d803f1502ff7ab966de579d4daf)
- [x] [2.3. Linear](https://github.com/ianikpark/ML-For-Beginners/commit/8d8a0688d82b437feece754153bf663c708fa4f5)
- [x] [2.4. Logistic](https://github.com/ianikpark/ML-For-Beginners/commit/2862feb0b52be3177b7ed6030e27ce97b6fe563a)

### 3. Web App
- [x] [3.1. Web App](https://github.com/ianikpark/ML-For-Beginners/commit/079f33700c6da3d78d1281b232ba7f7a7558bb64)

### 4. Classification
- [x] [4.1. Introduction](https://github.com/ianikpark/ML-For-Beginners/commit/7e51a273cdbeb5699a2d9337e15aa19f1fd317f1)
- [x] [4.2. Classifiers 1](https://github.com/ianikpark/ML-For-Beginners/commit/b68b134cfb954a9250bda9165009c4084d1294c1)
- [x] [4.3. Classifiers 2](https://github.com/ianikpark/ML-For-Beginners/commit/c49b6339481ec799cca2dbcaaf988b724ad8573a)
- [x] [4.4. Applied](https://github.com/ianikpark/ML-For-Beginners/commit/65504f0b9e2014709e10ca94e456c2b2163a0ec8)

### 5. Clustering
- [x] [5.1. Visualize](https://github.com/ianikpark/ML-For-Beginners/commit/6d67fd73cc3f5c7b9a91ec98f1dea6099c37a9ec)
- [x] [5.2. K-Means](https://github.com/ianikpark/ML-For-Beginners/commit/e0b44be8d0592bb35735dc7e397c487f8dbcd0aa)

### 6. NLP
- [x] [6.1. Introduction to NLP](https://github.com/ianikpark/ML-For-Beginners/commit/41f36b6b14121d9ae34a9276971c093eacc139f8)
- [x] [6.2. Tasks](https://github.com/ianikpark/ML-For-Beginners/commit/5c003c682fb82f28501ff147ea0aeeeec6e99c82)
- [x] [6.3. Translation Sentiment](https://github.com/ianikpark/ML-For-Beginners/commit/c31c04080f8d3c27bff957dfac9c931dc1536bc4)
- [x] [6.4. Hotel Reviews 1](https://github.com/ianikpark/ML-For-Beginners/commit/a7cfb08ae027a50a1dab90f05b31aac90767ac8b)
- [x] [6.5. Hotel Reviews 2](https://github.com/ianikpark/ML-For-Beginners/commit/6664c6059cda4053cc6ee173e8da29b410904dd0)

### 7. Time Series
- [x] [7.1. Introduction](https://github.com/ianikpark/ML-For-Beginners/commit/8b95151334cca4c2609ee8c691ede322cb337525)
- [x] [7.2. ARIMA](https://github.com/ianikpark/ML-For-Beginners/commit/4c50ec6811491c67198331b77d7ce5c2a012069a)

### 8. Reinforcement
- [x] [8.1. Q-Learning](https://github.com/ianikpark/ML-For-Beginners/commit/00abaa5623b4469f251ddd9b694e0b9c620bee03)
- [x] [8.2. Gym](https://github.com/ianikpark/ML-For-Beginners/commit/0c1b2b073abc9b48c8cf99641fdb2668b25dc195)

### 9. Real World
- [x] [9.1. Applications](https://github.com/ianikpark/ML-For-Beginners/commit/730835c9b906eeac8ff54cb5e255c60695700c83)

## Quizzes

- ~~Quizzes~~ to be delivered separately
",ianikpark,16889308,closed,False,2021-07-11T14:18:23+00:00,2021-10-02T14:19:34+00:00,2021-10-02T14:19:34+00:00,2021-10-02T14:19:34+00:00,d516b3c97ae1ddaf4944f3b2121bdc59578744db,unknown,321,0,25,27,0,5,,,
microsoft/ML-For-Beginners,687378083,152,Add Turkish quiz translation,"- [x] Translated all of the quizzes to Turkish
- [x] Modified the respective Vue and JS files
- [x] Confirmed that the dropdown menu works 
- [x] Confirmed that the translated questions render properly",emrecgty,12589174,closed,False,2021-07-11T18:34:15+00:00,2021-07-11T19:09:57+00:00,2021-07-11T19:09:57+00:00,2021-07-11T19:09:57+00:00,79c55cf55c3eb1c66783a34e5961dd2d77b5cd93,unknown,2818,0,3,1,0,1,,,
microsoft/ML-For-Beginners,687459154,154,Translate 1.1 and 1.2 to Turkish and fix translation errors in the quiz-app,"- [x] Translated README.md and assignments of 1.1 and 1.2
- [x] Updated links to images, files, and quizzes
- [x] Updated Wikipedia links to Turkish Wikipedia articles (if a high-quality Turkish Wikipedia page exists)
- [x] Added additional dictionary of English terms in AI/ML/DL/DS diagram under existing caption for clarification
- [x] Fixed the erroneous translation of some object keys in the quiz-app resulting in some choices not showing up",emrecgty,12589174,closed,False,2021-07-12T02:34:58+00:00,2021-07-12T02:48:05+00:00,2021-07-12T02:48:05+00:00,2021-07-12T02:48:05+00:00,83855548ade95ff269baacb88c10ec74adbe4a7f,unknown,272,21,5,2,0,0,,,
microsoft/ML-For-Beginners,687747433,159,2 regression ja,"Draft until the relevant section is translated.

- [x] 1-Tools/translations/README.jp.md
- [x] 1-Tools/translations/assingment.jp.md
- [x] 2-Data/translations/README.jp.md
- [x] 2-Data/translations/assingment.jp.md
- [x] 3-Linear/translations/README.jp.md
- [x] 3-Linear/translations/assingment.jp.md
- [x] 4-Logistic/translations/README.jp.md
- [x] 4-Logistic/translations/assingment.jp.md",kenya-sk,30319295,closed,False,2021-07-12T11:15:01+00:00,2021-08-04T11:20:28+00:00,2021-08-04T11:20:28+00:00,2021-08-04T11:20:28+00:00,2797b7ae4a827d9e02b45a36c73bd9202812b969,unknown,32,0,1,4,0,0,,,
microsoft/ML-For-Beginners,687932862,160,2.2,translated `2-Regression/2-Data` in Japanese.,kenya-sk,30319295,closed,False,2021-07-12T15:11:47+00:00,2021-07-12T15:16:41+00:00,2021-07-12T15:16:41+00:00,2021-07-12T15:16:41+00:00,cbad28d9c7919fa1e4ccc5036fef10f2af397071,unknown,206,0,1,4,0,0,,,
microsoft/ML-For-Beginners,688397054,163,translate 3.1 to Simplified Chinese,,feiyun0112,10190938,closed,False,2021-07-13T04:18:13+00:00,2021-07-15T06:40:53+00:00,2021-07-14T14:34:40+00:00,2021-07-14T14:34:40+00:00,70fb1bfa6cbd02b61d6e4edebf175f69c76b27f8,unknown,347,0,1,2,0,1,,,
microsoft/ML-For-Beginners,688415970,164,Create README.zh.md,Initial update of Chinese translation,XiaojianTang,85986768,closed,False,2021-07-13T04:38:53+00:00,2021-07-13T12:01:14+00:00,2021-07-13T12:01:14+00:00,2021-07-13T12:01:14+00:00,8ab698f05576ccfcd0f4debb3c3bc142a0fc2fd0,unknown,22,0,1,5,0,6,,,
microsoft/ML-For-Beginners,689212420,167,propose french translation of Introduction base README,"Should we traduce Machine Learning in french which is ""apprentissage automatique"" or leave like it to keep a better meaning?",ManuSquall,29026887,closed,False,2021-07-13T16:22:05+00:00,2021-07-14T00:45:23+00:00,2021-07-14T00:45:23+00:00,2021-07-14T00:45:23+00:00,e69b13a294b91c4ae81a6cee7a0cef39c9df3886,unknown,22,0,1,3,0,3,,,
microsoft/ML-For-Beginners,689228111,168,Create README.zh-cn.md,translate README to Simplified Chinese,duanyang25,34642309,closed,False,2021-07-13T16:42:16+00:00,2021-07-13T17:59:29+00:00,2021-07-13T17:59:29+00:00,2021-07-13T17:59:29+00:00,8a8348f727b18179cc6fee8641e79e6e512ff2f7,unknown,14,0,1,2,0,0,,,
microsoft/ML-For-Beginners,689580463,169,translate 4.1 to Simplified Chinese,,feiyun0112,10190938,closed,False,2021-07-14T04:52:02+00:00,2021-07-23T00:15:57+00:00,2021-07-23T00:15:54+00:00,,f8cf3a89895efa1c1093a4ff42ba84c55d70ded2,dirty,297,0,1,2,0,0,,,
microsoft/ML-For-Beginners,689778743,171,translate 6.1 README to Simplified Chinese,,ahaliu1,30023830,closed,False,2021-07-14T10:18:14+00:00,2021-07-15T03:38:24+00:00,2021-07-15T03:38:24+00:00,2021-07-15T03:38:24+00:00,5eee5c360e5aae564db6d59b2dd64321eefb2574,unknown,158,3,2,8,0,2,,,
microsoft/ML-For-Beginners,689836270,172,propose Regression french translation readme,add a README.fr.md for Regression base README,ManuSquall,29026887,closed,False,2021-07-14T11:43:02+00:00,2021-07-14T16:10:44+00:00,2021-07-14T16:10:44+00:00,2021-07-14T16:10:44+00:00,3c3455f71c0bce313eab870acdf315f0617106f2,unknown,33,0,1,3,0,3,,,
microsoft/ML-For-Beginners,689884096,173,translated 2-Regression Readme.md into simplified Chinese,,loap-a,56857145,closed,False,2021-07-14T12:47:57+00:00,2021-07-14T13:18:35+00:00,2021-07-14T13:18:35+00:00,,4fb0d5cfd393486ec67aea2ebe4f3d7df9e93201,unknown,34,0,1,6,0,1,,,
microsoft/ML-For-Beginners,689908891,174,translated 2-Regression/Readme.md into simplified Chinese,,loap-a,56857145,closed,False,2021-07-14T13:19:35+00:00,2021-07-14T21:30:21+00:00,2021-07-14T21:30:20+00:00,2021-07-14T21:30:20+00:00,b1ee97932155977722698cfbc88b661dfc2592e7,unknown,34,0,1,11,0,2,,,
microsoft/ML-For-Beginners,689913705,175,Update README.zh-cn.md,,feiyun0112,10190938,closed,False,2021-07-14T13:25:40+00:00,2021-07-15T06:40:40+00:00,2021-07-14T14:27:16+00:00,2021-07-14T14:27:16+00:00,899feeae61227481ae2c30705a47da792ae4f695,unknown,1,1,1,1,0,0,,,
microsoft/ML-For-Beginners,690067737,180,translated README.md to Simplified Chinese,,yongyizang,20509110,closed,False,2021-07-14T16:43:21+00:00,2021-07-14T17:27:52+00:00,2021-07-14T17:27:52+00:00,2021-07-14T17:27:52+00:00,69442cc27d08d3f53e61a8540140a69df786cce8,unknown,119,0,1,3,3,5,,,
microsoft/ML-For-Beginners,690165051,181,Update README.md,"In line 178, templates folder seems to be inside of static folder and this condition gives notfoundtemplate error. I suggest delete one tab, I discovered this solution because I sew your solutions folder on github where locations is correct",edgargonarr,35715904,closed,False,2021-07-14T19:23:54+00:00,2021-07-14T21:28:12+00:00,2021-07-14T21:28:12+00:00,2021-07-14T21:28:12+00:00,a9ad24f219b2a9c2ce784f0dd45a71ff8c44f227,unknown,1,1,1,1,0,0,,,
microsoft/ML-For-Beginners,690207473,182,Edit classification_report table,"I found a mistake in classification_report table.

Thanks for your job. ",edgargonarr,35715904,closed,False,2021-07-14T20:34:35+00:00,2021-07-15T00:05:37+00:00,2021-07-15T00:05:37+00:00,2021-07-15T00:05:37+00:00,b649ee25cbb94cfa54af53eb906408d216c27455,unknown,2,2,2,5,0,6,,,
microsoft/ML-For-Beginners,690246532,183,Readme + assignment (Intro to ML) in French,"Hi!
Actually doing the whole course, I thought it might be nice as a way to revise the lessons to translate them back to french (my 1rst language).
Here is my first small contribution, I might do other Readme as I go along the course.

I saw in another PR that the link to assignment need to be changed so I've done it.
",simplg,81249731,closed,False,2021-07-14T21:47:57+00:00,2021-07-16T14:13:35+00:00,2021-07-16T14:13:35+00:00,2021-07-16T14:13:35+00:00,ae8fe89861273f61babff855465f249a7250da92,unknown,119,0,2,11,11,9,,,
microsoft/ML-For-Beginners,690393062,184,Update Markdown error,Before the image was not seen due to indentation error ,vishvanathan-k,66466541,closed,False,2021-07-15T04:55:43+00:00,2021-07-15T12:57:18+00:00,2021-07-15T12:57:17+00:00,2021-07-15T12:57:17+00:00,fd46d1219e679664dcc57f166c39d2ce14e5b3a2,unknown,4,5,1,1,0,0,,,
microsoft/ML-For-Beginners,690619668,187,translated /4-Classification/1-Introduction/README.md into Chinese,,loap-a,56857145,closed,False,2021-07-15T11:08:02+00:00,2021-07-15T13:14:27+00:00,2021-07-15T13:14:27+00:00,2021-07-15T13:14:27+00:00,1cc5b92395e177577e5134b4e857c0a1950da471,unknown,291,0,1,4,1,1,,,
microsoft/ML-For-Beginners,690721818,188,Translate to Simplified Chinese,Hi I just translated the topic of classification's readme.md,mattholy,22177897,closed,False,2021-07-15T13:33:16+00:00,2021-07-15T13:49:19+00:00,2021-07-15T13:48:35+00:00,,08f244a7a8581e348460103da453795386aec748,unknown,30,5,2,3,0,2,,,
microsoft/ML-For-Beginners,690741844,189,[WIP] ÁÆÄ‰Ωì‰∏≠ÊñáÁøªËØë - Simplified Chinese,"## Ê¨¢ËøéÂä†ÂÖ•‰∏≠ÊñáÁøªËØëÂ∞èÁªÑÔºö#201

## ÁøªËØëËøõÂ∫¶

### 0.Project Document
Ê†°ÂØπÔºö
* [ ] ÂÆåÊàêÊ†°ÂØπ ÂèÇ‰∏éÊ†°ÂØπÔºö

ÁøªËØëÔºö
* [ ] [README.md](https://github.com/microsoft/ML-For-Beginners/tree/main/translations) ÂèÇ‰∏éÁøªËØëÔºö@mrmrmrfinch

### 1. Introduction
Ê†°ÂØπÔºö
* [ ] ÂÆåÊàêÊ†°ÂØπ ÂèÇ‰∏éÊ†°ÂØπÔºö

ÁøªËØëÔºö
* [ ] [1.0. Topic](https://github.com/microsoft/ML-For-Beginners/blob/main/1-Introduction/translations/) ÂèÇ‰∏éÁøªËØëÔºö@feiyun0112 
* [ ]  [1.1. Intro to ML](https://github.com/microsoft/ML-For-Beginners/tree/main/1-Introduction/1-intro-to-ML/translations) ÂèÇ‰∏éÁøªËØëÔºö@feiyun0112 
* [ ]  [1.2. History of ML](https://github.com/microsoft/ML-For-Beginners/tree/main/1-Introduction/2-history-of-ML/translations) ÂèÇ‰∏éÁøªËØëÔºö@feiyun0112 
* [ ]  [1.3. Fairness](https://github.com/microsoft/ML-For-Beginners/tree/main/1-Introduction/3-fairness/translations) ÂèÇ‰∏éÁøªËØëÔºö@feiyun0112 
* [ ]  [1.4. Techniques of ML](https://github.com/microsoft/ML-For-Beginners/tree/main/1-Introduction/4-techniques-of-ML/translations) ÂèÇ‰∏éÁøªËØëÔºö@feiyun0112 

### 2. Regression
Ê†°ÂØπÔºö
* [ ] ÂÆåÊàêÊ†°ÂØπ ÂèÇ‰∏éÊ†°ÂØπÔºö

ÁøªËØëÔºö
* [ ] [2.0. Topic](https://github.com/microsoft/ML-For-Beginners/tree/main/2-Regression/translations) ÂèÇ‰∏éÁøªËØëÔºö @feiyun0112 
* [ ]  [2.1. Tools](https://github.com/microsoft/ML-For-Beginners/tree/main/2-Regression/1-Tools/translations) ÂèÇ‰∏éÁøªËØëÔºö @feiyun0112 
* [ ]  [2.2. Data](https://github.com/microsoft/ML-For-Beginners/tree/main/2-Regression/2-Data/translations) ÂèÇ‰∏éÁøªËØëÔºö @feiyun0112 
* [ ]  [2.3. Linear](https://github.com/microsoft/ML-For-Beginners/tree/main/2-Regression/3-Linear/translations) ÂèÇ‰∏éÁøªËØëÔºö @feiyun0112 
* [ ]  [2.4. Logistic](https://github.com/microsoft/ML-For-Beginners/tree/main/2-Regression/4-Logistic/translations) ÂèÇ‰∏éÁøªËØëÔºö @feiyun0112 

### 3. Web App
Ê†°ÂØπÔºö
* [ ] ÂÆåÊàêÊ†°ÂØπ ÂèÇ‰∏éÊ†°ÂØπÔºö

ÁøªËØëÔºö
* [ ]  [3.1. Topic]() ÂèÇ‰∏éÁøªËØëÔºö@feiyun0112
* [ ]  [3.1. Web App]() ÂèÇ‰∏éÁøªËØëÔºö@feiyun0112

### 4. Classification
Ê†°ÂØπÔºö
* [ ] ÂÆåÊàêÊ†°ÂØπ ÂèÇ‰∏éÊ†°ÂØπÔºö

ÁøªËØëÔºö
* [ ]  [4.0. Topic](https://github.com/microsoft/ML-For-Beginners/blob/main/4-Classification/translations/README.zh-cn.md) ÂèÇ‰∏éÁøªËØëÔºö@feiyun0112 @mattholy 
* [ ]  [4.1. Introduction]() ÂèÇ‰∏éÁøªËØëÔºö@feiyun0112
* [ ]  [4.2. Classifiers 1]() ÂèÇ‰∏éÁøªËØëÔºö@feiyun0112
* [ ]  [4.3. Classifiers 2]() ÂèÇ‰∏éÁøªËØëÔºö@feiyun0112
* [ ]  [4.4. Applied]() ÂèÇ‰∏éÁøªËØëÔºö@feiyun0112

### 5. Clustering
Ê†°ÂØπÔºö
* [ ] ÂÆåÊàêÊ†°ÂØπ ÂèÇ‰∏éÊ†°ÂØπÔºö

ÁøªËØëÔºö
* [ ]  [5.1. Visualize]() ÂèÇ‰∏éÁøªËØëÔºö
* [ ]  [5.2. K-Means]() ÂèÇ‰∏éÁøªËØëÔºö

### 6. NLP
Ê†°ÂØπÔºö
* [ ] ÂÆåÊàêÊ†°ÂØπ ÂèÇ‰∏éÊ†°ÂØπÔºö

ÁøªËØëÔºö
* [ ]  [6.1. Introduction to NLP]() ÂèÇ‰∏éÁøªËØëÔºö
* [ ]  [6.2. Tasks]() ÂèÇ‰∏éÁøªËØëÔºö
* [ ]  [6.3. Translation Sentiment]() ÂèÇ‰∏éÁøªËØëÔºö
* [ ]  [6.4. Hotel Reviews 1]() ÂèÇ‰∏éÁøªËØëÔºö
* [ ]  [6.5. Hotel Reviews 2]() ÂèÇ‰∏éÁøªËØëÔºö

### 7. Time Series
Ê†°ÂØπÔºö
* [ ] ÂÆåÊàêÊ†°ÂØπ ÂèÇ‰∏éÊ†°ÂØπÔºö

ÁøªËØëÔºö
* [ ]  [7.1. Introduction]() ÂèÇ‰∏éÁøªËØëÔºö
* [ ]  [7.2. ARIMA]() ÂèÇ‰∏éÁøªËØëÔºö

### 8. Reinforcement
Ê†°ÂØπÔºö
* [ ] ÂÆåÊàêÊ†°ÂØπ ÂèÇ‰∏éÊ†°ÂØπÔºö

ÁøªËØëÔºö
* [ ]  [8.1. Q-Learning]() ÂèÇ‰∏éÁøªËØëÔºö
* [ ]  [8.2. Gym]() ÂèÇ‰∏éÁøªËØëÔºö

### 9. Real World
Ê†°ÂØπÔºö
* [ ] ÂÆåÊàêÊ†°ÂØπ ÂèÇ‰∏éÊ†°ÂØπÔºö

ÁøªËØëÔºö
* [ ]  [Applications]() ÂèÇ‰∏éÁøªËØëÔºö@mattholy

### Quizzes
Ê†°ÂØπÔºö
* [ ] ÂÆåÊàêÊ†°ÂØπ ÂèÇ‰∏éÊ†°ÂØπÔºö

ÁøªËØëÔºö
* [ ]  [Quizzes]() ÂèÇ‰∏éÁøªËØëÔºö",mattholy,22177897,closed,True,2021-07-15T13:58:00+00:00,2021-10-13T03:48:19+00:00,2021-10-13T03:48:19+00:00,,61c00a99699d5e5f7efdf8816e7282e8e69af940,unknown,6612,12,38,16,0,7,,,
microsoft/ML-For-Beginners,691060364,190,Translated 8-Reinforcement intro README.md into Simplified Chinese,,judyzhangyf,44916572,closed,False,2021-07-15T21:57:54+00:00,2021-07-16T01:03:17+00:00,2021-07-16T01:03:17+00:00,2021-07-16T01:03:17+00:00,b647428bd63aef34144daaf759e5987266f944fd,unknown,53,0,1,1,0,1,,,
microsoft/ML-For-Beginners,691166836,191,Translated 1-Introduction assignment.md into Simplified Chinese,,fribble186,34462247,closed,False,2021-07-16T03:26:23+00:00,2021-07-16T14:21:32+00:00,2021-07-16T14:21:32+00:00,2021-07-16T14:21:32+00:00,e0990e2f3d0aa3599d0b1e6d7a8decc2bf8ca60c,unknown,42,0,4,4,0,1,,,
microsoft/ML-For-Beginners,691485100,193,Update README.zh-cn.md,,feiyun0112,10190938,closed,False,2021-07-16T13:18:59+00:00,2021-07-16T13:53:21+00:00,2021-07-16T13:47:08+00:00,2021-07-16T13:47:07+00:00,e09d0b68ef24a8313c3b87e57d2ebdd8170fe359,unknown,2,2,1,1,0,0,,,
microsoft/ML-For-Beginners,691546446,195,Update README.zh-cn.md,"Fixed a few small bugs. Added necessary symbols, fixed pinyin input errors, changed sentences for better readability. ",yongyizang,20509110,closed,False,2021-07-16T14:46:42+00:00,2021-07-16T15:57:07+00:00,2021-07-16T15:57:07+00:00,2021-07-16T15:57:07+00:00,63dadb62c6a41e8e85aa94829ab3356a90bb565e,unknown,30,30,2,4,0,0,,,
microsoft/ML-For-Beginners,691942335,198,Add Turkish translation of the base README.md file,,buseorak,73755546,closed,False,2021-07-17T14:43:30+00:00,2021-07-18T07:51:10+00:00,2021-07-17T20:26:45+00:00,2021-07-17T20:26:45+00:00,d05e3f003d536505051e68515a17444c09c9d7f7,unknown,119,0,1,3,0,3,,,
microsoft/ML-For-Beginners,691992397,199,History of ML - French Translation,"Here is the translation of 1.2 History of ML in french.
The readme and the assignment have been translated accordingly to the vocabulary set in #186 .
As discussed, NLP has been kept in english.

It should solve two tasks in #166 .

I've checked it and it doesn't seem to have anymore mistakes. I've replaced some wikipedia links with their french equivalent when there was one.",simplg,81249731,closed,False,2021-07-17T21:52:15+00:00,2021-07-19T08:32:26+00:00,2021-07-19T00:22:18+00:00,2021-07-19T00:22:18+00:00,73d286fa73d183d53a3b454a0ba00a51a282e7a0,unknown,128,0,2,5,0,0,,,
